{
  "LogisticRegression": {
    "roc_auc": 0.8424167390062084,
    "pr_auc": 0.35923950080790584,
    "f1": 0.2546681664791901
  },
  "RandomForest": {
    "roc_auc": 0.8554007016749963,
    "pr_auc": 0.3309559217642541,
    "f1": 0.2376341961404202
  },
  "XGBoost": {
    "roc_auc": 0.8117980455184596,
    "pr_auc": 0.2788268029995682,
    "f1": 0.15886198248571312
  },
  "LightGBM": {
    "roc_auc": 0.8222818556395224,
    "pr_auc": 0.2808739551134407,
    "f1": 0.2605633802816901
  }
}